{
  "main": {
    "id": "f0a888e46f3e7fd7",
    "type": "split",
    "children": [
      {
        "id": "c62f4f153e87e6cd",
        "type": "tabs",
        "children": [
          {
            "id": "1fae926f07959e56",
            "type": "leaf",
            "state": {
              "type": "markdown",
              "state": {
                "file": "my garden.md",
                "mode": "source",
                "source": false
              }
            }
          },
          {
            "id": "b65c5d1f92992b24",
            "type": "leaf",
            "state": {
              "type": "markdown",
              "state": {
                "file": "NeverNote.md",
                "mode": "source",
                "source": false
              }
            }
          },
          {
            "id": "c6fac8d4f23955ae",
            "type": "leaf",
            "state": {
              "type": "markdown",
              "state": {
                "file": "red pill, or blue pill.md",
                "mode": "source",
                "source": false
              }
            }
          },
          {
            "id": "bee5b2c25124e2b4",
            "type": "leaf",
            "state": {
              "type": "markdown",
              "state": {
                "file": "what is this place.md",
                "mode": "source",
                "source": false
              }
            }
          }
        ],
        "currentTab": 3
      }
    ],
    "direction": "vertical"
  },
  "left": {
    "id": "fdc764c6aabcbca2",
    "type": "split",
    "children": [
      {
        "id": "c68fa6a3b8605d5a",
        "type": "tabs",
        "children": [
          {
            "id": "569677bae5250b46",
            "type": "leaf",
            "state": {
              "type": "file-explorer",
              "state": {
                "sortOrder": "alphabetical"
              }
            }
          },
          {
            "id": "d73e75c5fe0f5f7b",
            "type": "leaf",
            "state": {
              "type": "search",
              "state": {
                "query": "",
                "matchingCase": false,
                "explainSearch": false,
                "collapseAll": false,
                "extraContext": false,
                "sortOrder": "alphabetical"
              }
            }
          },
          {
            "id": "bffbd51352af4c97",
            "type": "leaf",
            "state": {
              "type": "starred",
              "state": {}
            }
          }
        ]
      }
    ],
    "direction": "horizontal",
    "width": 300
  },
  "right": {
    "id": "001def907c4ca8a4",
    "type": "split",
    "children": [
      {
        "id": "39312c5491287dd2",
        "type": "tabs",
        "children": [
          {
            "id": "c6e27b2171f82843",
            "type": "leaf",
            "state": {
              "type": "backlink",
              "state": {
                "file": "what is this place.md",
                "collapseAll": false,
                "extraContext": false,
                "sortOrder": "alphabetical",
                "showSearch": false,
                "searchQuery": "",
                "backlinkCollapsed": false,
                "unlinkedCollapsed": true
              }
            }
          },
          {
            "id": "f71004d7f3d5ab41",
            "type": "leaf",
            "state": {
              "type": "outgoing-link",
              "state": {
                "file": "what is this place.md",
                "linksCollapsed": false,
                "unlinkedCollapsed": true
              }
            }
          },
          {
            "id": "e41a334416d3c936",
            "type": "leaf",
            "state": {
              "type": "tag",
              "state": {
                "sortOrder": "frequency",
                "useHierarchy": true
              }
            }
          },
          {
            "id": "e47a5404dc40fd21",
            "type": "leaf",
            "state": {
              "type": "outline",
              "state": {
                "file": "what is this place.md"
              }
            }
          }
        ],
        "currentTab": 1
      }
    ],
    "direction": "horizontal",
    "width": 300
  },
  "left-ribbon": {
    "hiddenItems": {
      "switcher:Open quick switcher": false,
      "graph:Open graph view": false,
      "canvas:Create new canvas": false,
      "daily-notes:Open today's daily note": false,
      "templates:Insert template": false,
      "command-palette:Open command palette": false,
      "obsidian-markbase:Sync all Markbase projects": false
    }
  },
  "active": "bee5b2c25124e2b4",
  "lastOpenFiles": [
    "my garden.md",
    "what is this place.md",
    "archetypes of note takers.md",
    "red pill, or blue pill.md",
    "The Matrex.md",
    "viktor fransl.md",
    "adverisity paradox.md",
    "NeverNote.md"
  ]
}